Alg,sampleSize,numMeasures,AP,AR,AHP,AHR,E
4,1000,10,1.0000000,0.9680000,0.9458889,0.9160000,9.2979600
4,1000,25,0.9856699,0.9900000,0.9549126,0.9580000,41.7646800
4,1000,70,0.9858193,0.9950000,0.9696623,0.9785714,302.4672800
4,300,10,0.9923214,0.9430000,0.9058452,0.8640000,4.4108800
4,300,25,0.9833333,0.9736000,0.9497128,0.9404000,17.7098400
4,300,70,0.9835372,0.9884286,0.9702419,0.9750000,149.5673200
4,100,10,0.9914199,0.8760000,0.9142125,0.8110000,2.9565200 
